品牌,名称,规格,价格
Bio Island,儿童DHA,60粒,119
Bio Island,助长素1段,150克,159
Bio Island,助长素2段,60片,135
Bio Island,婴儿乳钙,90片,138
Bio Island,孕妇DHA,60片,175
Bio Island,小熊锌片,120片,115
Bio Island,小孩鱼油,90片,138
Bio Island,成人乳钙,150片,145
Bio Island,袋鼠精,90粒,125
BlackMores,维E面霜,50克,69
BlackMores,孕妇黄金素,60粒,199
BlackMores,无腥味鱼油,1000毫克/400粒,145
BlackMores,原味鱼油,400粒,135
BlackMores,月见草胶囊,190粒,119
BlackMores,维骨力,1500毫克/180片,188
BlackMores,芹菜籽精华,50片,89
BlackMores,血糖平衡片,90片,105
Healthy Care,Q10辅酶,150毫克/100粒,168
Healthy Care,葡萄籽,300粒,149
Healthy Care,蜂胶,2000毫克/200粒,125
Healthy Care,角鲨烯,1000毫克/200粒,168
Healthy Care,卵磷脂,1200毫克/100粒,89
Healthy Care,牛初乳粉,300克,108
Healthy Care,羊奶片,300片,65
Healthy Care,羊奶片(巧克力味),300片,65
Healthy Care,羊胎素精华,50毫升,89
Healthy Care,蓝莓越橘护眼片,120粒,125
Swisse,护肝片,120粒/200粒,129/175
Swisse,更年期平衡片,60片,165
Swisse,叶绿素(梅子味),500毫升,105
Swisse,泡腾片,60片,139
Swisse,男女复合维生素,120片,215
Swisse,睡眠片,100片,125
Swisse,胖钙,150片,125
Swisse,胶原蛋白液,500毫升,158
Swisse,胶原蛋白片,180片,129
Swisse,葡萄籽,180片,139
Swisse,蔓越莓,30粒/90粒,90/230
Swisse,叶绿素(薄荷味),500毫升,105
Swisse,蜂蜜面膜,70克,98